StartDate,EndDate,Status,IPAddress,Progress,Duration (in seconds),Finished,RecordedDate,ResponseId,RecipientLastName,RecipientFirstName,RecipientEmail,ExternalReference,LocationLatitude,LocationLongitude,DistributionChannel,UserLanguage,Intro.2,D.2,D.3,D.4,Q88,Q89,Train.2_1,Train.2_2,Train.4,Train.5,Train.6_1,Train.6_2,Train.7_1,Train.7_2,Train.8_1,Train.8_2,Train.9_1,Train.9_2,NV_Dadan_Q1_in_1,NV_Dadan_Q1_in_2,NV_Dadan_Q2_tr_1,NV_Dadan_Q2_tr_2,Nonce_Dadan_Q3_in_1,Nonce_Dadan_Q3_in_2,Nonce_Dadan_Q4_tr_1,Nonce_Dadan_Q4_tr_2,NV_Gereft_Q5_tr_1,NV_Gereft_Q5_tr_2,NV_Gereft_Q6_in_1,NV_Gereft_Q6_in_2,Nonce_Gereft_Q7_in_1,Nonce_Gereft_Q7_in_2,Nonce_Gereft_Q8_tr_1,Nonce_Gereft_Q8_tr_2,NV_Kardan_Q9_in_1,NV_Kardan_Q9_in_2,NV_Kardan_Q10_tr_1,NV_Kardan_Q10_tr_2,Nonce_Kardan_Q11_in_1,Nonce_Kardan_Q11_in_2,Nonce_Kardan_Q12_tr_1,Nonce_Kardan_Q12_tr_2,NV_Keshid_Q13_in_1,NV_Keshid_Q13_in_2,NV_Keshid_Q14_tr_1,NV_Keshid_Q14_tr_2,Nonce_Keshid_Q15_in_1,Nonce_Keshid_Q15_in_2,Nonce_Keshid_Q16_tr_1,Nonce_Keshid_Q16_tr_2,NV_Shodan_Q17_tr_1,NV_Shodan_Q17_tr_2,NV_Shodan_Q18_in_1,NV_Shodan_Q18_in_2,Nonce_Shodan_Q19_in_1,Nonce_Shodan_Q19_in_2,Nonce_Shodan_Q20_tr_1,Nonce_Shodan_Q20_tr_2,Nonce_Zadan_Q21_in_1,Nonce_Zadan_Q21_in_2,Nonce_Zadan_Q22_tr_1,Nonce_Zadan_Q22_tr_2,NV_Zadan_Q23_in_1,NV_Zadan_Q23_in_2,NV_Zadan_Q24_tr_1,NV_Zadan_Q24_tr_2,NV_Avardan_Q25_in_1,NV_Avardan_Q25_in_2,NV_Avardan_Q26_tr_1,NV_Avardan_Q26_tr_2,Nonce_Avardan_Q27_tr_1,Nonce_Avardan_Q27_tr_2,Nonce_Avardan_Q28_in_1,Nonce_Avardan_Q28_in_2,Nonce_Dashtan_Q29_tr_1,Nonce_Dashtan_Q29_tr_2,Nonce_Dashtan_Q30_in_1,Nonce_Dashtan_Q30_in_2,NV_Dashtan_Q31_tr_1,NV_Dashtan_Q31_tr_2,NV_Dashtan_Q32_in_1,NV_Dashtan_Q32_in_2,NV_Dadan_Q33_in_1,NV_Dadan_Q33_in_2,NV_Dadan_Q34_tr_1,NV_Dadan_Q34_tr_2,Nonce_Dadan_Q35_in_1,Nonce_Dadan_Q35_in_2,Nonce_Dadan_Q36_tr_1,Nonce_Dadan_Q36_tr_2,NV_Gereft_Q37_in_1,NV_Gereft_Q37_in_2,NV_Gereft_Q38_tr_1,NV_Gereft_Q38_tr_2,Nonce_Gereft_Q39_in_1,Nonce_Gereft_Q39_in_2,Nonce_Gereft_Q40_tr_1,Nonce_Gereft_Q40_tr_2,NV_Kardan_Q41_in_1,NV_Kardan_Q41_in_2,NV_Kardan_Q42_tr_1,NV_Kardan_Q42_tr_2,Nonce_Kardan_Q43_in_1,Nonce_Kardan_Q43_in_2,Nonce_Kardan_Q44_tr_1,Nonce_Kardan_Q44_tr_2,NV_Keshid_Q45_in_1,NV_Keshid_Q45_in_2,NV_Keshid_Q46_tr_1,NV_Keshid_Q46_tr_2,Nonce_Keshid_Q47_in_1,Nonce_Keshid_Q47_in_2,Nonce_Keshid_Q48_tr_1,Nonce_Keshid_Q48_tr_2,NV_Shodan_Q49_tr_1,NV_Shodan_Q49_tr_2,NV_Shodan_Q50_in_1,NV_Shodan_Q50_in_2,Nonce_Shodan_Q51_in_1,Nonce_Shodan_Q51_in_2,Nonce_Shodan_Q52_tr_1,Nonce_Shodan_Q52_tr_2,Nonce_Zadan_Q53_in_1,Nonce_Zadan_Q53_in_2,Nonce_Zadan_Q54_tr_1,Nonce_Zadan_Q54_tr_2,NV_Zadan_Q55_in_1,NV_Zadan_Q55_in_2,NV_Zadan_Q56_tr_1,NV_Zadan_Q56_tr_2,NV_Avardan_Q57_in_1,NV_Avardan_Q57_in_2,NV_Avardan_Q58_tr_1,NV_Avardan_Q58_tr_2,Nonce_Avardan_Q59_tr_1,Nonce_Avardan_Q59_tr_2,Nonce_Avardan_Q60_in_1,Nonce_Avardan_Q60_in_2,Nonce_Dashtan_Q61_in_1,Nonce_Dashtan_Q61_in_2,Nonce_Dashtan_Q62_tr_1,Nonce_Dashtan_Q62_tr_2,NV_Dashtan_Q63_tr_1,NV_Dashtan_Q63_tr_2,NV_Dashtan_Q64_in_1,NV_Dashtan_Q64_in_2,SC0,SC1
Start Date,End Date,Response Type,IP Address,Progress,Duration (in seconds),Finished,Recorded Date,Response ID,Recipient Last Name,Recipient First Name,Recipient Email,External Data Reference,Location Latitude,Location Longitude,Distribution Channel,User Language,"لطفاً قبل از شروع پرسشنامه، مطالب زیر را به دقت بخوانید و در صورت امکان، اجازه پردازش داده هایی که در اختیار ما می‌گذارید را بدهید.

 

مشارکت داوطلبانه

مشارکت در این تحقیق کاملاً داوطلبانه است. شما می توانید در هر زمان با بستن مرورگر خود، جمع آوری داده ها را بدون هیچ گونه جریمه یا عواقبی متوقف کنید. در این صورت هیچ بخشی از پرسشنامه شما و هیچ داده ای که توسط شما ارائه شده است جمع آوری و برای محققین ارسال نخواهد شد.

 

پردازش داده ها و ناشناس بودن

ما محافظت اطلاعات شما و از ناشناس بودن شما را تضمین می کنیم. آدرس IP شما در این جلسه ثبت نخواهد شد و با داده های جمع آوری شده مرتبط نخواهد بود. در پردازش آماری و بایگانی داده های جمع آوری شده هرگونه ارجاع به شخص حذف خواهد شد. نتایج - همیشه به شکل کاملاً ناشناس - در نشریات مرتبط منتشر می شود و در کنگره ها، کنفرانس ها و سمینارهای علمی ارائه می شود.

 

حق انصراف

شما این حق را دارید که رضایت خود را برای شرکت در این مطالعه در هر زمان و بدون ارائه هیچ دلیلی پس بگیرید. برای استفاده از حق انصراف، کافی است با ذکر کد شناسایی، قصد خود را به مدیران پژوهش اعلام کنید و اطلاعات شما بلافاصله از آرشیو پژوهش حذف خواهد شد.

  

برگشت

در هر زمان، شما حق دارید اطلاعاتی در مورد نتایج این تحقیق را درخواست کنید.

 

اطلاعات تماس

برای هر گونه اطلاعات یا توضیح می توانید با من، آریا رستگار از طریق ایمیل در تماس باشید.

اطلاعات را خوانده‌ام و با پردازش داده های شخصی خود برای اهداف ذکر شده در بالا موافقم:",چند سال دارید؟,جنسیت شما چیست؟,آخرین مدرک تحصیلی شما چیست؟,از کدام شهر هستید؟ اگر خارج از ایران هستید فقط نام کشور را بنویسید,به چه زبان‌ها یا گویش‌هایی صحبت می‌کنید؟,ـــــــــ  صدمه دید. - استاد دانشگاه,"ـــــــــ  صدمه دید. - سلامت عمومی
","برای درست کردن مربا، مهران میوه‌ها رو شست.

بعد از چند دقیقه علی میوه‌هارو تو دیگ ـــــــــــ",سپس میوه‌ها به خوبی ـــــــــــ,"چند ساعت بعد

ـــــــــ یخ‌ رو گوبی کرد. - فروشنده","چند ساعت بعد

ـــــــــ یخ‌ رو گوبی کرد. - سلامت عمومی",با این کار ـــــــــ  خودشو گوبی کرد. - استاد دانشگاه,با این کار ـــــــــ  خودشو گوبی کرد. - سلامت عمومی,بلاخره ـــــــــ  گوبی شدند. - مسعود و رضا,بلاخره ـــــــــ  گوبی شدند. - دانشگاه‌ها,ـــــــــ چیزی‌رو گوبی کردند. - محققان,ـــــــــ چیزی‌رو گوبی کردند. - دانشگاه‌ها,"ـــــــــ امتحان ‌دادند. - ایرانی ها
","ـــــــــ امتحان ‌دادند. - این تغییرات
",ـــــــــ چیزی‌رو ادامه داد. - یکی از حامیان منچستر یونایتد,"ـــــــــ چیزی‌رو ادامه داد. - غذای بچه
",ـــــــــ هتلمست داد. - فروشنده,"ـــــــــ هتلمست داد. - یک کار شگفت انگیز
","ـــــــــ چیزی‌رو بوماک دادند. - محققان
",ـــــــــ چیزی‌رو بوماک دادند. - دانشگاه‌ها,ـــــــــ چیزی‌رو پوست گرفت. - فروشنده,ـــــــــ چیزی‌رو پوست گرفت. - وظیفه ما,ـــــــــ بهانه گرفت. - کیمیا,"ـــــــــ بهانه گرفت. - یک کار شگفت انگیز
",ـــــــــ هتلمست گرفتند. - محققان,ـــــــــ هتلمست گرفتند. - دانشگاه‌ها,ـــــــــ چیزی‌رو چگاش گرفت. - کیمیا,"ـــــــــ چیزی‌رو چگاش گرفت. - غذای بچه
","ـــــــــ گریه کردند. - محققان
",ـــــــــ گریه کردند. - این تغییرات,ـــــــــ چیزی‌رو بهانه کرد. - کیمیا,"ـــــــــ چیزی‌رو بهانه کرد. - وظیفه ما
",ـــــــــ زوت کرد. - فروشنده,ـــــــــ زوت کرد. - باورهامون,ـــــــــ چیزی‌رو هتلمست کردند. - معلمین,"ـــــــــ چیزی‌رو هتلمست کردند. - این تغییرات
",ـــــــــ زجر می‌کشید. - کیمیا,"ـــــــــ زجر می‌کشید. - وظیفه ما
","ـــــــــ جایی‌رو جارو کشیدند. - معلمین
",ـــــــــ جایی‌رو جارو کشیدند. - باورهامون,ـــــــــ چگاش کشیدند. - مسعود و رضا,"ـــــــــ چگاش کشیدند. - این تغییرات
",ـــــــــ‌ چیزی‌رو فبر می کشد. - یکی از حامیان منچستر یونایتد,"ـــــــــ‌ چیزی‌رو فبر می کشد. - وظیفه ما
",ـــــــــ چیزی‌رو حفظ ‌شدند. - کمونیست‌ها,ـــــــــ چیزی‌رو حفظ ‌شدند. - باورهامون,ـــــــــ حل شدند. - کمونیست‌ها,"ـــــــــ حل شدند. - این مشکلات
",ـــــــــ چگاش ‌شد. - فروشنده,ـــــــــ چگاش ‌شد. - وظیفه ما,"ـــــــــ چیزی‌رو سیشار شدند. - محققان
",ـــــــــ چیزی‌رو سیشار شدند. - باورهامون,ـــــــــ هتلمست زدند. - کمونیست‌ها,ـــــــــ هتلمست زدند. - باورهامون,ـــــــــ کسی‌رو زوت زد. - یکی از حامیان منچستر یونایتد,"ـــــــــ کسی‌رو زوت زد. - این تغییرات
",ـــــــــ آهنگ می‌زدند. - مسعود و رضا,ـــــــــ آهنگ می‌زدند. - این تغییرات,ـــــــــ جایی‌رو جارو زدند. - مسعود و رضا,ـــــــــ جایی‌رو جارو زدند. - این تغییرات,"ـــــــــ بهانه آوردند. - معلمین
",ـــــــــ بهانه آوردند. - دانشگاه‌ها,ـــــــــ کسی‌رو گیر آورد. - یکی از حامیان منچستر یونایتد,ـــــــــ کسی‌رو گیر آورد. - غذای بچه,ـــــــــ چیزی‌رو هتلمست می‌آورد. - کیمیا,ـــــــــ چیزی‌رو هتلمست می‌آورد. - غذای بچه,ـــــــــ چگاش آورد. - یکی از حامیان منچستر یونایتد,ـــــــــ چگاش آورد. - یک کار شگفت انگیز,ـــــــــ چیزی‌رو زوت داشت. - یکی از حامیان منچستر یونایتد,"ـــــــــ چیزی‌رو زوت داشت. - غذای بچه
","ـــــــــ شتو داشت. - فروشنده
",ـــــــــ شتو داشت. - وظیفه ما,"ـــــــــ  چیزیو نگه ‌داشت. - کیمیا
",ـــــــــ  چیزیو نگه ‌داشت. - وظیفه ما,ـــــــــ ثمر داشت. - فروشنده,ـــــــــ ثمر داشت. - این تغییرات,ـــــــــ ثمر داد. - فروشنده,"ـــــــــ ثمر داد. - یک کار شگفت انگیز
",ـــــــــ کسی‌رو زجر داد. - فروشنده,ـــــــــ کسی‌رو زجر داد. - وظیفه ما,"ـــــــــ نست داد. - کیمیا
",ـــــــــ نست داد. - باورهامون,"ـــــــــ  چیزی‌رو چگاش دادند. - معلمین
","ـــــــــ  چیزی‌رو چگاش دادند. - این تغییرات
",ـــــــــ امتحان گرفتند. - محققان,ـــــــــ امتحان گرفتند. - باورهامون,"ـــــــــ چیزی‌رو یاد گرفتند. - ایرانی ها
",ـــــــــ چیزی‌رو یاد گرفتند. - یک کار شگفت انگیز,"ـــــــــ چفه گرفتند. - کمونیست‌ها
","ـــــــــ چفه گرفتند. - این تغییرات
",ـــــــــ چیزی‌رو بوماک گرفت. - یکی از حامیان منچستر یونایتد,ـــــــــ چیزی‌رو بوماک گرفت. - وظیفه ما,ـــــــــ شنا کرد. - فروشنده,ـــــــــ شنا کرد. - باورهامون,ـــــــــ چیزی‌رو عوض کرد. - فروشنده,ـــــــــ چیزی‌رو عوض کرد. - یک کار شگفت انگیز,ـــــــــ سیشار می‌کرد. - یکی از حامیان منچستر یونایتد,"ـــــــــ سیشار می‌کرد. - غذای بچه
",ـــــــــ کسی‌رو فبر کرد. - کیمیا,ـــــــــ کسی‌رو فبر کرد. - یک کار شگفت انگیز,"ـــــــــ درد می‌کشیدند. - محققان
",ـــــــــ درد می‌کشیدند. - دانشگاه‌ها,ـــــــــ چیزی‌رو داد کشیدند. - محققان,ـــــــــ چیزی‌رو داد کشیدند. - این تغییرات,ـــــــــ افک کشید. - فروشنده,"ـــــــــ افک کشید. - یک کار شگفت انگیز
",ـــــــــ چیزی‌رو چفه کشیدند. - مسعود و رضا,ـــــــــ چیزی‌رو چفه کشیدند. - دانشگاه‌ها,ـــــــــ چیزی‌رو متوجه شدند. - ایرانی ها,ـــــــــ چیزی‌رو متوجه شدند. - این مشکلات,ـــــــــ عوض می‌شد. - کیمیا,ـــــــــ عوض می‌شد. - وظیفه ما,ـــــــــ سیشار شد. - کیمیا,"ـــــــــ سیشار شد. - یک کار شگفت انگیز
",ـــــــــ چیزی‌رو هتلمست شد. - فروشنده,"ـــــــــ چیزی‌رو هتلمست شد. - غذای بچه
",ـــــــــ پنگ زد. - فروشنده,ـــــــــ پنگ زد. - وظیفه‌شون,ـــــــــ چیزی‌رو مازید زد. - فروشنده,"ـــــــــ چیزی‌رو مازید زد. - یک کار شگفت انگیز
",ـــــــــ کپک زده بود. - فروشنده,"ـــــــــ کپک زده بود. - غذای بچه
","ـــــــــ چیزی‌رو داد زدند. - محققان
",ـــــــــ چیزی‌رو داد زدند. - دانشگاه‌ها,ـــــــــ تشریف آورد. - فروشنده,ـــــــــ تشریف آورد. - یک کار شگفت انگیز,"ـــــــــ  چیزی‌رو به یاد آوردند. - کمونیست‌ها
","ـــــــــ  چیزی‌رو به یاد آوردند. - وظیفه ما
","ـــــــــ چیزی‌رو مند آوردند. - ایرانی ها
",ـــــــــ چیزی‌رو مند آوردند. - دانشگاه‌ها,ـــــــــ چفه آوردند. - مسعود و رضا,ـــــــــ چفه آوردند. - این تغییرات,"ـــــــــ بوماک داشتند. - معلمین
",ـــــــــ بوماک داشتند. - دانشگاه‌ها,"ـــــــــ چیزی‌رو افک داشتند. - محققان
",ـــــــــ چیزی‌رو افک داشتند. - دانشگاه‌ها,ـــــــــ کسی‌رو سراغ داشتند. - ایرانی‌ها,ـــــــــ کسی‌رو سراغ داشتند. - دانشگاه‌ها,ـــــــــ ادامه داشت. - کیمیا,ـــــــــ ادامه داشت. - یک کار شگفت انگیز,Proto-agent cluster,Proto-patient cluster
"{""ImportId"":""startDate"",""timeZone"":""Europe/Berlin""}","{""ImportId"":""endDate"",""timeZone"":""Europe/Berlin""}","{""ImportId"":""status""}","{""ImportId"":""ipAddress""}","{""ImportId"":""progress""}","{""ImportId"":""duration""}","{""ImportId"":""finished""}","{""ImportId"":""recordedDate"",""timeZone"":""Europe/Berlin""}","{""ImportId"":""_recordId""}","{""ImportId"":""recipientLastName""}","{""ImportId"":""recipientFirstName""}","{""ImportId"":""recipientEmail""}","{""ImportId"":""externalDataReference""}","{""ImportId"":""locationLatitude""}","{""ImportId"":""locationLongitude""}","{""ImportId"":""distributionChannel""}","{""ImportId"":""userLanguage""}","{""ImportId"":""QID70""}","{""ImportId"":""QID85_TEXT""}","{""ImportId"":""QID87""}","{""ImportId"":""QID88""}","{""ImportId"":""QID89_TEXT""}","{""ImportId"":""QID90_TEXT""}","{""ImportId"":""QID74"",""choiceId"":""1""}","{""ImportId"":""QID74"",""choiceId"":""2""}","{""ImportId"":""QID91""}","{""ImportId"":""QID92""}","{""ImportId"":""QID78"",""choiceId"":""1""}","{""ImportId"":""QID78"",""choiceId"":""2""}","{""ImportId"":""QID76"",""choiceId"":""1""}","{""ImportId"":""QID76"",""choiceId"":""2""}","{""ImportId"":""QID79"",""choiceId"":""1""}","{""ImportId"":""QID79"",""choiceId"":""2""}","{""ImportId"":""QID82"",""choiceId"":""1""}","{""ImportId"":""QID82"",""choiceId"":""2""}","{""ImportId"":""QID66"",""choiceId"":""1""}","{""ImportId"":""QID66"",""choiceId"":""2""}","{""ImportId"":""QID63"",""choiceId"":""1""}","{""ImportId"":""QID63"",""choiceId"":""2""}","{""ImportId"":""QID61"",""choiceId"":""1""}","{""ImportId"":""QID61"",""choiceId"":""2""}","{""ImportId"":""QID59"",""choiceId"":""1""}","{""ImportId"":""QID59"",""choiceId"":""2""}","{""ImportId"":""QID58"",""choiceId"":""1""}","{""ImportId"":""QID58"",""choiceId"":""2""}","{""ImportId"":""QID55"",""choiceId"":""1""}","{""ImportId"":""QID55"",""choiceId"":""2""}","{""ImportId"":""QID53"",""choiceId"":""1""}","{""ImportId"":""QID53"",""choiceId"":""2""}","{""ImportId"":""QID51"",""choiceId"":""1""}","{""ImportId"":""QID51"",""choiceId"":""2""}","{""ImportId"":""QID48"",""choiceId"":""1""}","{""ImportId"":""QID48"",""choiceId"":""2""}","{""ImportId"":""QID46"",""choiceId"":""1""}","{""ImportId"":""QID46"",""choiceId"":""2""}","{""ImportId"":""QID44"",""choiceId"":""1""}","{""ImportId"":""QID44"",""choiceId"":""2""}","{""ImportId"":""QID42"",""choiceId"":""1""}","{""ImportId"":""QID42"",""choiceId"":""2""}","{""ImportId"":""QID40"",""choiceId"":""1""}","{""ImportId"":""QID40"",""choiceId"":""2""}","{""ImportId"":""QID35"",""choiceId"":""1""}","{""ImportId"":""QID35"",""choiceId"":""2""}","{""ImportId"":""QID37"",""choiceId"":""1""}","{""ImportId"":""QID37"",""choiceId"":""2""}","{""ImportId"":""QID34"",""choiceId"":""1""}","{""ImportId"":""QID34"",""choiceId"":""2""}","{""ImportId"":""QID32"",""choiceId"":""1""}","{""ImportId"":""QID32"",""choiceId"":""2""}","{""ImportId"":""QID30"",""choiceId"":""1""}","{""ImportId"":""QID30"",""choiceId"":""2""}","{""ImportId"":""QID28"",""choiceId"":""1""}","{""ImportId"":""QID28"",""choiceId"":""2""}","{""ImportId"":""QID26"",""choiceId"":""1""}","{""ImportId"":""QID26"",""choiceId"":""2""}","{""ImportId"":""QID20"",""choiceId"":""1""}","{""ImportId"":""QID20"",""choiceId"":""2""}","{""ImportId"":""QID18"",""choiceId"":""1""}","{""ImportId"":""QID18"",""choiceId"":""2""}","{""ImportId"":""QID24"",""choiceId"":""1""}","{""ImportId"":""QID24"",""choiceId"":""2""}","{""ImportId"":""QID22"",""choiceId"":""1""}","{""ImportId"":""QID22"",""choiceId"":""2""}","{""ImportId"":""QID16"",""choiceId"":""1""}","{""ImportId"":""QID16"",""choiceId"":""2""}","{""ImportId"":""QID14"",""choiceId"":""1""}","{""ImportId"":""QID14"",""choiceId"":""2""}","{""ImportId"":""QID11"",""choiceId"":""1""}","{""ImportId"":""QID11"",""choiceId"":""2""}","{""ImportId"":""QID13"",""choiceId"":""1""}","{""ImportId"":""QID13"",""choiceId"":""2""}","{""ImportId"":""QID2"",""choiceId"":""1""}","{""ImportId"":""QID2"",""choiceId"":""2""}","{""ImportId"":""QID5"",""choiceId"":""1""}","{""ImportId"":""QID5"",""choiceId"":""2""}","{""ImportId"":""QID71"",""choiceId"":""1""}","{""ImportId"":""QID71"",""choiceId"":""2""}","{""ImportId"":""QID8"",""choiceId"":""1""}","{""ImportId"":""QID8"",""choiceId"":""2""}","{""ImportId"":""QID67"",""choiceId"":""1""}","{""ImportId"":""QID67"",""choiceId"":""2""}","{""ImportId"":""QID64"",""choiceId"":""1""}","{""ImportId"":""QID64"",""choiceId"":""2""}","{""ImportId"":""QID62"",""choiceId"":""1""}","{""ImportId"":""QID62"",""choiceId"":""2""}","{""ImportId"":""QID60"",""choiceId"":""1""}","{""ImportId"":""QID60"",""choiceId"":""2""}","{""ImportId"":""QID57"",""choiceId"":""1""}","{""ImportId"":""QID57"",""choiceId"":""2""}","{""ImportId"":""QID56"",""choiceId"":""1""}","{""ImportId"":""QID56"",""choiceId"":""2""}","{""ImportId"":""QID54"",""choiceId"":""1""}","{""ImportId"":""QID54"",""choiceId"":""2""}","{""ImportId"":""QID72"",""choiceId"":""1""}","{""ImportId"":""QID72"",""choiceId"":""2""}","{""ImportId"":""QID50"",""choiceId"":""1""}","{""ImportId"":""QID50"",""choiceId"":""2""}","{""ImportId"":""QID47"",""choiceId"":""1""}","{""ImportId"":""QID47"",""choiceId"":""2""}","{""ImportId"":""QID45"",""choiceId"":""1""}","{""ImportId"":""QID45"",""choiceId"":""2""}","{""ImportId"":""QID43"",""choiceId"":""1""}","{""ImportId"":""QID43"",""choiceId"":""2""}","{""ImportId"":""QID41"",""choiceId"":""1""}","{""ImportId"":""QID41"",""choiceId"":""2""}","{""ImportId"":""QID39"",""choiceId"":""1""}","{""ImportId"":""QID39"",""choiceId"":""2""}","{""ImportId"":""QID38"",""choiceId"":""1""}","{""ImportId"":""QID38"",""choiceId"":""2""}","{""ImportId"":""QID36"",""choiceId"":""1""}","{""ImportId"":""QID36"",""choiceId"":""2""}","{""ImportId"":""QID33"",""choiceId"":""1""}","{""ImportId"":""QID33"",""choiceId"":""2""}","{""ImportId"":""QID31"",""choiceId"":""1""}","{""ImportId"":""QID31"",""choiceId"":""2""}","{""ImportId"":""QID29"",""choiceId"":""1""}","{""ImportId"":""QID29"",""choiceId"":""2""}","{""ImportId"":""QID27"",""choiceId"":""1""}","{""ImportId"":""QID27"",""choiceId"":""2""}","{""ImportId"":""QID21"",""choiceId"":""1""}","{""ImportId"":""QID21"",""choiceId"":""2""}","{""ImportId"":""QID19"",""choiceId"":""1""}","{""ImportId"":""QID19"",""choiceId"":""2""}","{""ImportId"":""QID25"",""choiceId"":""1""}","{""ImportId"":""QID25"",""choiceId"":""2""}","{""ImportId"":""QID23"",""choiceId"":""1""}","{""ImportId"":""QID23"",""choiceId"":""2""}","{""ImportId"":""QID17"",""choiceId"":""1""}","{""ImportId"":""QID17"",""choiceId"":""2""}","{""ImportId"":""QID9"",""choiceId"":""1""}","{""ImportId"":""QID9"",""choiceId"":""2""}","{""ImportId"":""QID10"",""choiceId"":""1""}","{""ImportId"":""QID10"",""choiceId"":""2""}","{""ImportId"":""QID12"",""choiceId"":""1""}","{""ImportId"":""QID12"",""choiceId"":""2""}","{""ImportId"":""QID4"",""choiceId"":""1""}","{""ImportId"":""QID4"",""choiceId"":""2""}","{""ImportId"":""QID3"",""choiceId"":""1""}","{""ImportId"":""QID3"",""choiceId"":""2""}","{""ImportId"":""QID1"",""choiceId"":""1""}","{""ImportId"":""QID1"",""choiceId"":""2""}","{""ImportId"":""QID7"",""choiceId"":""1""}","{""ImportId"":""QID7"",""choiceId"":""2""}","{""ImportId"":""SC_bO5kiq8HrT5OWJU""}","{""ImportId"":""SC_3JHS6XMYb4SSr7o""}"
2022-03-12 09:41:37,2022-03-12 09:52:50,1,,100,673,1,2022-03-12 09:52:51,R_2YYgECyvyaUbvR5,,,,,43.789093017578125,11.235595703125,preview,FA,1,27,2,4,italy,persian,1,1,,,1,0,1,0,1,0,1,1,,,,,,,,,,,,,,,,,,,,,,,,,,,,,,,,,,,,,,,,,,,,,,,,,,,,,,,,,,,,,,,,,0,1,1,0,0,1,1,0,1,0,1,0,1,0,1,0,1,0,1,0,0,1,1,0,1,0,1,0,1,0,1,0,1,0,0,1,1,0,1,0,1,0,1,0,0,1,1,0,1,0,1,0,1,0,1,0,1,1,1,1,1,1,0,1,26,9
2022-03-12 11:40:48,2022-03-12 11:44:17,1,,100,208,1,2022-03-12 11:44:18,R_V41hoqAP45GO0mJ,,,,,35.689300537109375,139.689910888671875,preview,FA,1,27,1,4,مشهد,فارسی,1,1,,,1,0,1,0,1,0,1,1,1,0,1,0,1,0,1,1,1,0,1,0,1,1,1,0,1,0,1,0,1,0,1,1,1,0,1,0,1,0,1,0,1,0,0,1,1,0,1,0,1,0,1,1,1,0,1,0,1,1,1,0,1,0,1,1,1,0,1,0,1,0,0,1,,,,,,,,,,,,,,,,,,,,,,,,,,,,,,,,,,,,,,,,,,,,,,,,,,,,,,,,,,,,,,,,,30,8
2022-03-12 11:48:24,2022-03-12 11:58:35,1,,100,611,1,2022-03-12 11:58:38,R_1fl0o23u3GC2XMd,,,,,37.751007080078125,-97.82199859619140625,preview,FA,1,25,1,3,مشهد,فارسي,1,1,,,1,0,1,0,1,1,1,0,,,,,,,,,,,,,,,,,,,,,,,,,,,,,,,,,,,,,,,,,,,,,,,,,,,,,,,,,,,,,,,,,0,1,1,0,1,0,0,1,1,0,1,0,1,1,1,0,0,1,1,1,1,0,1,0,1,0,1,0,1,1,1,1,1,0,0,1,1,0,1,0,1,0,1,0,0,1,1,0,1,0,1,0,0,1,1,0,0,1,1,1,1,0,0,1,24,13
2022-03-13 08:07:15,2022-03-13 08:13:38,1,,100,383,1,2022-03-13 08:13:39,R_2rubVn576tLcupb,,,,,50.1049041748046875,8.6295013427734375,preview,FA,1,28,1,3,مشهد,فارسی,1,1,,,1,0,0,1,0,1,1,0,,,,,,,,,,,,,,,,,,,,,,,,,,,,,,,,,,,,,,,,,,,,,,,,,,,,,,,,,,,,,,,,,0,1,1,0,1,0,1,0,1,0,1,0,1,0,1,0,1,0,1,0,1,0,1,0,1,0,1,0,1,0,1,0,1,0,0,1,1,0,1,0,1,0,1,0,0,1,1,0,1,0,1,0,1,0,1,0,1,0,1,0,1,1,0,1,28,5
2022-03-13 15:06:10,2022-03-13 15:16:02,1,,100,591,1,2022-03-13 15:16:03,R_1Kr4XWNqiREClnW,,,,,51.5063934326171875,-0.0200042724609375,preview,FA,1,22,1,3,مشهد,فارسی,1,1,,,1,0,0,1,1,0,1,0,1,0,1,0,0,1,1,1,1,0,1,0,1,1,1,0,1,0,1,0,1,0,1,0,1,0,1,0,1,0,1,0,1,0,0,1,1,0,1,0,1,0,1,0,1,0,1,0,1,1,1,0,1,0,1,0,1,0,1,0,1,0,0,1,,,,,,,,,,,,,,,,,,,,,,,,,,,,,,,,,,,,,,,,,,,,,,,,,,,,,,,,,,,,,,,,,29,6
2022-03-16 22:10:01,2022-03-16 22:20:02,1,,100,600,1,2022-03-16 22:20:03,R_1GH9auhzjjky7UV,,,,,45.40960693359375,11.8946990966796875,preview,FA,1,28,2,3,اصفهان,"فارسی ",1,1,,,1,0,1,1,1,1,1,1,,,,,,,,,,,,,,,,,,,,,,,,,,,,,,,,,,,,,,,,,,,,,,,,,,,,,,,,,,,,,,,,,0,1,1,1,1,0,1,1,1,0,1,0,1,1,1,0,1,0,1,1,1,0,1,1,1,0,1,0,1,0,1,1,1,0,1,1,1,0,1,0,1,1,1,0,0,1,1,0,1,0,1,0,1,1,1,1,1,1,1,1,1,1,0,1,29,16
2022-03-18 08:37:39,2022-03-18 08:45:40,1,,100,480,1,2022-03-18 08:45:42,R_BxC6QSpTnNGpTeV,,,,,45.40960693359375,11.8946990966796875,preview,FA,1,۳۴,1,4,ایتالیا,فارسی، انگلیسی، ایتالیایی,1,1,,,1,0,1,0,1,1,1,0,1,0,1,0,1,0,1,0,1,0,1,0,1,0,1,0,1,0,1,0,1,1,1,0,1,0,1,0,1,0,1,0,1,0,0,1,1,1,1,0,1,0,1,0,1,0,1,0,1,0,1,0,1,0,1,0,1,0,1,0,1,0,0,1,,,,,,,,,,,,,,,,,,,,,,,,,,,,,,,,,,,,,,,,,,,,,,,,,,,,,,,,,,,,,,,,,30,4
2022-03-18 12:47:33,2022-03-18 12:53:11,1,,100,337,1,2022-03-18 12:53:12,R_D96r8lzbYUCMdwt,,,,,56.470703125,-3.0312042236328125,preview,FA,1,۲۷,2,3,مشهد,فارسی,1,1,,,1,0,1,0,1,0,1,0,,,,,,,,,,,,,,,,,,,,,,,,,,,,,,,,,,,,,,,,,,,,,,,,,,,,,,,,,,,,,,,,,0,1,1,0,1,0,1,0,1,0,1,0,0,1,1,0,1,0,1,0,1,0,1,0,1,0,1,0,1,0,1,0,1,0,0,1,0,1,0,1,1,0,1,0,0,1,1,0,1,0,1,0,1,0,0,1,0,1,1,0,0,1,0,1,22,10
2022-03-18 12:56:36,2022-03-18 13:02:44,1,,100,368,1,2022-03-18 13:02:45,R_302im1bEg2Q3cWj,,,,,51.5095062255859375,-0.0955047607421875,preview,FA,1,26,2,3,تهران,فارسی,1,1,,,1,0,1,0,1,1,1,1,,,,,,,,,,,,,,,,,,,,,,,,,,,,,,,,,,,,,,,,,,,,,,,,,,,,,,,,,,,,,,,,,0,1,1,1,1,0,1,0,1,0,1,0,1,0,1,0,1,0,1,1,1,1,1,0,1,0,1,0,1,0,1,0,1,0,1,1,1,0,1,0,1,0,1,0,0,1,1,0,1,0,1,0,1,0,1,1,1,1,1,0,1,0,0,1,29,9
2022-03-18 12:53:07,2022-03-18 13:07:49,1,,100,881,1,2022-03-18 13:07:51,R_2pKvI1aXZZLdFeA,,,,,43.937896728515625,-79.43810272216796875,preview,FA,1,60,1,5,مشهد,"فارسی انگلیسی ",1,1,,,1,0,1,0,1,0,1,0,1,0,1,0,1,0,1,0,1,0,1,0,1,0,1,0,1,0,1,0,1,1,1,0,1,0,1,0,1,0,0,1,0,1,0,1,1,1,0,1,0,1,1,0,1,0,1,0,1,1,1,0,1,0,1,0,1,0,1,0,1,0,0,1,,,,,,,,,,,,,,,,,,,,,,,,,,,,,,,,,,,,,,,,,,,,,,,,,,,,,,,,,,,,,,,,,26,9
2022-03-18 14:07:49,2022-03-18 14:11:12,1,,100,203,1,2022-03-18 14:11:13,R_1IisjBYD1ua7sC2,,,,,51.2993011474609375,9.490997314453125,preview,FA,1,27,2,3,مشهد,فارسی,1,1,,,1,1,1,1,1,1,1,1,1,1,1,0,1,0,1,1,1,1,1,0,1,0,1,1,1,1,1,0,1,1,0,1,1,0,1,1,0,1,0,1,1,1,0,1,0,1,0,1,1,1,1,0,1,0,1,0,1,1,1,1,1,1,0,1,0,1,1,0,1,0,1,1,,,,,,,,,,,,,,,,,,,,,,,,,,,,,,,,,,,,,,,,,,,,,,,,,,,,,,,,,,,,,,,,,24,21
2022-03-26 11:03:36,2022-03-26 11:07:52,1,,100,255,1,2022-03-26 11:07:54,R_1rliSMj3b9N9GXQ,,,,,45.4365997314453125,12.3329925537109375,preview,FA,1,۲۷,2,3,ایتالیا,فارسی,1,1,1,1,1,0,1,0,1,1,1,0,,,,,,,,,,,,,,,,,,,,,,,,,,,,,,,,,,,,,,,,,,,,,,,,,,,,,,,,,,,,,,,,,0,1,1,0,0,1,1,0,1,0,1,0,1,0,1,0,1,0,1,1,1,0,1,0,1,0,1,0,1,0,1,0,1,0,1,0,0,1,1,0,1,0,1,0,0,1,1,1,1,0,1,0,1,0,0,1,1,0,1,0,1,0,0,1,26,8
2022-03-26 16:58:22,2022-03-26 17:07:16,1,,100,534,1,2022-03-26 17:07:17,R_1zPOW3A57TXUzn3,,,,,32.194305419921875,-110.9766998291015625,preview,FA,1,32,2,4,ایران,فارسی,1,1,1,1,1,0,1,0,1,1,1,1,1,0,1,0,1,0,1,1,1,0,1,0,1,0,1,0,1,0,1,0,1,0,1,1,1,0,1,0,1,0,1,0,1,0,0,1,1,1,1,0,1,0,1,1,1,0,1,0,1,1,1,0,1,0,1,0,1,0,1,0,1,0,0,1,,,,,,,,,,,,,,,,,,,,,,,,,,,,,,,,,,,,,,,,,,,,,,,,,,,,,,,,,,,,,,,,,30,7
2022-04-03 12:40:34,2022-04-03 13:11:15,0,148.251.160.243,100,1841,1,2022-04-03 13:11:17,R_r7qqSuTaJRjyD4t,,,,,51.2993011474609375,9.490997314453125,anonymous,FA,1,59,1,3,مشهد,فارسی,1,1,1,1,1,0,1,0,1,1,1,1,,,,,,,,,,,,,,,,,,,,,,,,,,,,,,,,,,,,,,,,,,,,,,,,,,,,,,,,,,,,,,,,,0,1,1,0,1,0,1,1,1,0,1,0,1,0,1,0,1,0,1,1,1,0,1,1,1,0,1,0,1,0,1,1,1,0,1,1,1,0,1,0,1,0,1,1,0,1,1,0,1,0,1,0,1,1,1,0,1,1,1,1,1,1,0,1,29,13
2022-04-03 16:21:18,2022-04-03 16:30:08,0,174.92.46.133,100,529,1,2022-04-03 16:30:10,R_2dmDKr8J8F8lLsw,,,,,43.8791046142578125,-79.43430328369140625,anonymous,FA,1,32,2,4,Canada,"Farsi, English",1,1,1,1,1,0,1,0,1,1,1,1,,,,,,,,,,,,,,,,,,,,,,,,,,,,,,,,,,,,,,,,,,,,,,,,,,,,,,,,,,,,,,,,,0,1,1,0,1,1,1,1,1,0,1,1,1,1,1,0,1,0,0,1,1,1,1,0,1,0,1,0,1,0,1,1,1,0,0,1,1,0,0,1,1,0,1,0,0,1,1,1,1,0,1,0,1,1,1,1,1,1,1,1,1,1,0,1,26,18
2022-04-03 17:21:36,2022-04-03 17:40:41,0,148.251.160.243,100,1145,1,2022-04-03 17:40:43,R_O8cw9dBdzfX5jOx,,,,,51.2993011474609375,9.490997314453125,anonymous,FA,1,58 سال,2,4,اصفهان,فارسی و انگلیسی,1,1,1,1,1,0,1,0,1,0,1,0,1,1,1,0,1,0,1,1,1,0,1,0,1,0,1,0,1,0,1,0,1,0,1,1,1,0,1,0,1,0,1,0,1,0,0,1,1,1,1,0,1,0,1,0,1,0,1,0,1,1,1,0,1,0,1,1,0,1,1,0,1,0,0,1,,,,,,,,,,,,,,,,,,,,,,,,,,,,,,,,,,,,,,,,,,,,,,,,,,,,,,,,,,,,,,,,,29,9
2022-04-03 18:22:48,2022-04-03 18:32:30,0,136.243.104.99,100,582,1,2022-04-03 18:32:32,R_2S2Mem7ZU5c6kxC,,,,,51.2993011474609375,9.490997314453125,anonymous,FA,1,۵۵,2,3,مشهد,فارسی,1,1,1,1,1,0,1,0,1,1,1,1,1,0,1,0,1,0,1,1,1,0,1,0,1,1,1,0,1,0,1,0,1,0,1,1,1,0,1,0,1,0,1,0,0,1,0,1,1,0,1,0,1,0,1,0,1,0,1,0,1,1,1,0,1,0,1,1,0,1,1,0,1,0,0,1,,,,,,,,,,,,,,,,,,,,,,,,,,,,,,,,,,,,,,,,,,,,,,,,,,,,,,,,,,,,,,,,,28,9
2022-04-03 23:11:12,2022-04-03 23:22:41,0,178.165.174.13,100,689,1,2022-04-03 23:22:42,R_2OYYrDd1Qbw0emM,,,,,48.193603515625,16.3726043701171875,anonymous,FA,1,۵۲,1,5,اتریش,فارسی,1,1,1,1,1,0,1,0,1,0,1,0,,,,,,,,,,,,,,,,,,,,,,,,,,,,,,,,,,,,,,,,,,,,,,,,,,,,,,,,,,,,,,,,,0,1,1,0,1,0,1,0,1,0,1,0,1,0,0,1,1,0,1,0,1,0,1,0,1,0,1,0,1,0,1,0,1,0,0,1,1,0,1,0,1,0,1,0,0,1,1,0,1,0,1,0,0,1,1,0,1,0,1,0,0,1,0,1,25,7
2022-04-04 06:56:06,2022-04-04 07:05:06,0,144.76.141.230,100,540,1,2022-04-04 07:05:08,R_0xQ1QuFc07tBtG9,,,,,51.2993011474609375,9.490997314453125,anonymous,FA,1,60سال,1,3,اصفهان,فارسی,1,1,1,1,0,1,0,1,1,0,1,0,,,,,,,,,,,,,,,,,,,,,,,,,,,,,,,,,,,,,,,,,,,,,,,,,,,,,,,,,,,,,,,,,0,1,1,0,0,1,0,1,1,0,1,0,1,0,1,0,1,0,0,1,1,0,0,1,1,0,1,0,0,1,1,0,1,0,0,1,0,1,0,1,1,0,1,0,0,1,1,0,1,0,1,0,0,1,1,0,0,1,1,0,1,0,0,1,19,13
2022-04-04 13:38:52,2022-04-04 13:49:33,0,54.38.231.234,100,641,1,2022-04-04 13:49:35,R_Oecl312axq37Ljz,,,,,48.8582000732421875,2.3386993408203125,anonymous,FA,1,۲۸,2,3,مشهد,فارسی,1,1,1,1,1,0,1,0,1,0,1,0,,,,,,,,,,,,,,,,,,,,,,,,,,,,,,,,,,,,,,,,,,,,,,,,,,,,,,,,,,,,,,,,,0,1,1,0,1,1,1,1,1,1,1,0,1,1,1,1,1,0,1,1,1,0,1,1,1,0,1,0,1,1,1,1,1,0,0,1,1,1,1,1,1,1,1,1,0,1,1,0,1,0,1,0,1,1,1,1,1,1,1,1,0,1,0,1,27,22
2022-04-05 11:45:06,2022-04-05 11:52:53,0,157.138.179.18,100,466,1,2022-04-05 11:52:54,R_1K147eKGYTa9oFe,,,,,45.533400000000000318323145620524883270263671875,12.6433999999999997498889570124447345733642578125,anonymous,FA,1,35,2,3,ایتالیا,فارسی، ترکی، انگلیسی، ایتالیایی، آلمانی,1,1,1,1,1,0,1,0,1,0,1,1,1,0,1,0,1,1,1,1,1,0,1,0,1,0,1,0,1,0,1,0,1,1,1,1,1,0,1,0,1,0,1,0,1,1,0,1,1,1,0,1,1,1,1,0,1,0,1,0,1,1,1,0,1,0,1,1,1,1,1,0,1,1,0,1,,,,,,,,,,,,,,,,,,,,,,,,,,,,,,,,,,,,,,,,,,,,,,,,,,,,,,,,,,,,,,,,,29,14
2022-04-06 16:04:30,2022-04-06 16:11:37,0,144.76.37.62,100,427,1,2022-04-06 16:11:39,R_3g5WyoCm8Bd7FNN,,,,,51.2993000000000023419488570652902126312255859375,9.4909999999999996589394868351519107818603515625,anonymous,FA,1,27,2,3,مشهد,فارسی,1,1,1,1,1,0,0,1,1,1,1,1,1,0,1,0,1,0,1,0,1,0,1,0,1,0,1,0,1,0,1,0,1,0,1,0,1,0,1,0,1,0,1,0,1,0,0,1,1,0,1,0,1,0,1,0,1,0,1,0,1,1,1,0,1,0,1,0,1,0,1,0,1,0,0,1,,,,,,,,,,,,,,,,,,,,,,,,,,,,,,,,,,,,,,,,,,,,,,,,,,,,,,,,,,,,,,,,,30,3
2022-04-06 16:40:34,2022-04-06 16:50:48,0,176.9.104.20,100,614,1,2022-04-06 16:50:50,R_2eb2CjN3WnfniEx,,,,,51.2993000000000023419488570652902126312255859375,9.4909999999999996589394868351519107818603515625,anonymous,FA,1,30,1,4,تهران,فارسی، ترکی,1,1,1,1,1,0,1,1,0,1,1,1,,,,,,,,,,,,,,,,,,,,,,,,,,,,,,,,,,,,,,,,,,,,,,,,,,,,,,,,,,,,,,,,,1,1,1,1,1,0,1,1,1,0,1,0,1,0,1,0,1,0,1,1,1,1,1,0,1,0,1,1,1,1,1,1,1,0,1,1,1,0,1,0,1,0,1,1,1,1,1,1,1,0,1,0,1,1,1,1,1,1,1,1,1,0,0,1,31,17
2022-04-06 20:51:14,2022-04-06 21:00:07,0,93.70.101.247,100,533,1,2022-04-06 21:00:08,R_1FttZrF2eh8DWeu,,,,,45.54310000000000258069121628068387508392333984375,11.5414999999999992041921359486877918243408203125,anonymous,FA,1,36,1,4,ایتالیا,فارسی,1,1,1,1,1,0,1,0,1,1,1,1,1,1,1,0,1,0,1,1,1,0,1,0,1,1,1,1,1,0,1,0,1,1,1,1,1,0,1,0,1,1,1,1,1,0,1,1,1,1,1,1,1,1,1,1,1,0,1,0,1,1,1,0,1,0,1,1,1,1,1,0,1,1,0,1,,,,,,,,,,,,,,,,,,,,,,,,,,,,,,,,,,,,,,,,,,,,,,,,,,,,,,,,,,,,,,,,,31,18
2022-04-06 22:09:12,2022-04-06 22:21:23,0,144.76.141.230,100,731,1,2022-04-06 22:21:25,R_W720gsVjjfbWPuN,,,,,51.2993000000000023419488570652902126312255859375,9.4909999999999996589394868351519107818603515625,anonymous,FA,1,23,2,3,اصفهان,فارسی، انگلیسی,1,1,1,1,1,0,1,0,1,1,1,1,,,,,,,,,,,,,,,,,,,,,,,,,,,,,,,,,,,,,,,,,,,,,,,,,,,,,,,,,,,,,,,,,0,1,1,1,1,1,1,1,1,0,1,0,0,1,1,0,1,0,1,1,1,0,1,1,1,1,1,1,1,0,1,0,1,0,1,1,1,0,1,0,1,0,1,0,0,1,1,0,1,0,1,0,1,1,1,1,1,1,1,1,1,0,0,1,28,16
2022-04-07 17:46:56,2022-04-07 18:14:40,0,37.161.0.208,100,1664,1,2022-04-07 18:14:43,R_1LIjo8MjNWYYj9M,,,,,43.14789999999999992041921359486877918243408203125,12.109700000000000130739863379858434200286865234375,anonymous,FA,1,23,1,1,Italia,انگلیسی فارسی المانی فرانسوی ایتالیایی,1,1,1,1,1,0,1,0,1,0,1,0,,,,,,,,,,,,,,,,,,,,,,,,,,,,,,,,,,,,,,,,,,,,,,,,,,,,,,,,,,,,,,,,,0,1,1,0,1,0,1,0,1,0,1,0,1,0,1,0,1,0,1,0,1,0,1,0,1,0,1,0,1,0,1,0,1,0,0,1,1,0,1,0,1,0,1,0,0,1,1,0,1,0,1,0,0,1,1,0,1,0,1,0,0,1,0,1,26,6
2022-04-07 20:33:43,2022-04-07 20:42:06,0,157.90.232.169,100,503,1,2022-04-07 20:42:06,R_3GeqxaWjs8clQm4,,,,,51.2993000000000023419488570652902126312255859375,9.4909999999999996589394868351519107818603515625,anonymous,FA,1,۵۹ سال,1,4,تهران و مشهد,فارسی و گاهی آذری و ترکی,1,1,1,1,1,0,0,1,0,1,1,1,1,0,1,0,1,1,1,1,1,0,1,0,1,1,1,1,1,0,1,1,1,1,1,1,1,0,1,0,1,1,1,1,1,0,1,1,1,1,1,1,1,1,1,0,1,0,1,0,1,1,1,0,1,1,1,1,1,1,1,1,1,1,1,1,,,,,,,,,,,,,,,,,,,,,,,,,,,,,,,,,,,,,,,,,,,,,,,,,,,,,,,,,,,,,,,,,32,20
2022-04-07 20:52:43,2022-04-07 21:17:03,0,144.76.141.230,100,1460,1,2022-04-07 21:17:05,R_RtcG1ClEDogknJv,,,,,51.2993000000000023419488570652902126312255859375,9.4909999999999996589394868351519107818603515625,anonymous,FA,1,۵۵,1,4,ساری,مازنی,1,1,1,1,1,0,1,0,1,0,1,0,1,0,1,0,1,0,1,0,1,0,1,0,1,0,1,0,1,0,1,0,0,1,1,0,1,0,1,0,1,0,1,0,1,0,0,1,1,0,0,1,0,1,0,1,1,0,1,0,1,0,1,0,1,0,1,0,1,0,1,0,1,0,0,1,,,,,,,,,,,,,,,,,,,,,,,,,,,,,,,,,,,,,,,,,,,,,,,,,,,,,,,,,,,,,,,,,26,6
2022-04-07 21:07:20,2022-04-07 21:24:51,0,136.243.104.89,100,1050,1,2022-04-07 21:24:52,R_yl0UNdLwqDq1vfH,,,,,51.2993000000000023419488570652902126312255859375,9.4909999999999996589394868351519107818603515625,anonymous,FA,1,۵۱,1,3,تهران,فارسی,1,1,1,1,1,0,0,1,1,1,1,1,,,,,,,,,,,,,,,,,,,,,,,,,,,,,,,,,,,,,,,,,,,,,,,,,,,,,,,,,,,,,,,,,0,1,1,0,1,1,0,1,1,0,1,0,1,0,1,0,1,0,1,0,1,0,1,0,1,0,1,0,1,0,1,1,1,0,0,1,1,0,1,0,1,0,1,0,0,1,1,0,1,0,1,0,1,0,1,0,1,0,0,1,1,1,1,1,27,9
2022-04-07 21:30:10,2022-04-07 21:47:48,0,95.216.14.6,100,1058,1,2022-04-07 21:47:49,R_3PjYxCU9A5ujVx8,,,,,60.17190000000000082991391536779701709747314453125,24.93469999999999942019712761975824832916259765625,anonymous,FA,1,29,1,3,ساری,فارسی، گویش قائنی (خراسان جنوبی),1,1,1,1,1,0,1,0,1,0,1,0,,,,,,,,,,,,,,,,,,,,,,,,,,,,,,,,,,,,,,,,,,,,,,,,,,,,,,,,,,,,,,,,,0,1,1,0,1,0,1,0,1,0,1,0,1,0,1,0,1,0,1,0,1,0,0,1,1,0,1,0,1,0,1,0,1,0,0,1,1,0,1,0,1,0,1,0,0,1,1,0,1,0,1,0,0,1,0,1,0,1,0,1,1,0,0,1,23,9
2022-04-07 21:44:57,2022-04-07 21:51:11,0,95.216.14.6,100,373,1,2022-04-07 21:51:12,R_ZE5Zy08A49vdUSB,,,,,60.17190000000000082991391536779701709747314453125,24.93469999999999942019712761975824832916259765625,anonymous,FA,1,32,1,3,مشهد,فارسی,1,1,1,1,1,0,1,0,1,1,1,0,1,0,1,0,1,0,1,1,1,0,1,0,1,0,1,0,1,0,1,0,1,0,1,0,1,0,1,0,1,0,1,0,1,0,0,1,1,0,1,0,1,0,1,0,1,0,1,0,1,0,1,0,1,0,1,0,1,0,1,0,1,0,0,1,,,,,,,,,,,,,,,,,,,,,,,,,,,,,,,,,,,,,,,,,,,,,,,,,,,,,,,,,,,,,,,,,30,3
2022-04-07 22:03:26,2022-04-07 22:11:11,0,144.76.141.230,100,464,1,2022-04-07 22:11:11,R_3qWpcw2WCUympeV,,,,,51.2993000000000023419488570652902126312255859375,9.4909999999999996589394868351519107818603515625,anonymous,FA,1,33,2,4,مشهد,فارسی,1,1,1,1,1,0,1,0,1,0,1,0,,,,,,,,,,,,,,,,,,,,,,,,,,,,,,,,,,,,,,,,,,,,,,,,,,,,,,,,,,,,,,,,,0,1,0,1,1,0,0,1,1,0,1,0,1,0,1,0,1,0,0,1,1,0,1,0,1,0,1,0,1,0,1,1,1,0,0,1,1,0,1,0,1,0,1,0,0,1,1,0,1,0,1,0,1,0,0,1,0,1,1,0,1,0,0,1,23,10
2022-04-07 22:10:52,2022-04-07 22:17:29,0,144.76.141.230,100,396,1,2022-04-07 22:17:30,R_2doRamBFBZzqDLV,,,,,51.2993000000000023419488570652902126312255859375,9.4909999999999996589394868351519107818603515625,anonymous,FA,1,۵۵,2,5,نیشابور,فارسی و انگلیسی,1,1,1,1,1,0,1,0,1,0,1,0,1,0,1,0,1,0,1,0,1,0,1,0,0,1,1,0,1,0,1,0,0,1,1,0,1,0,1,0,1,0,0,1,1,0,0,1,1,0,1,0,0,1,0,1,1,0,1,0,1,0,1,0,1,0,0,1,1,0,1,0,1,0,0,1,,,,,,,,,,,,,,,,,,,,,,,,,,,,,,,,,,,,,,,,,,,,,,,,,,,,,,,,,,,,,,,,,24,8
2022-04-07 23:27:17,2022-04-07 23:35:18,0,144.76.141.230,100,480,1,2022-04-07 23:35:20,R_22Dp2yv0DSKN53d,,,,,51.2993000000000023419488570652902126312255859375,9.4909999999999996589394868351519107818603515625,anonymous,FA,1,55,1,3,مشهد,فارسی,1,1,1,1,1,0,1,0,1,0,1,0,,,,,,,,,,,,,,,,,,,,,,,,,,,,,,,,,,,,,,,,,,,,,,,,,,,,,,,,,,,,,,,,,0,1,1,0,1,0,1,1,1,0,1,0,1,0,1,0,1,0,1,1,1,0,1,0,1,0,1,0,1,0,1,0,1,0,0,1,1,0,1,0,1,0,1,0,0,1,1,0,1,0,1,0,1,0,1,0,1,0,1,1,1,0,0,1,28,7
2022-04-08 05:22:37,2022-04-08 05:34:03,0,194.37.97.26,100,686,1,2022-04-08 05:34:03,R_urzuf3pc37RCmlj,,,,,32.7888999999999981582732289098203182220458984375,-96.8020999999999958163243718445301055908203125,anonymous,FA,1,60,1,5,مشهد,فارسی و آذری,1,1,1,1,1,0,1,0,1,0,1,0,1,0,1,0,1,0,1,1,1,0,1,0,1,0,1,0,1,0,1,0,1,0,1,1,1,0,1,0,1,0,1,0,1,0,0,1,1,0,1,0,1,0,0,1,1,0,1,0,1,0,1,0,0,1,1,0,0,1,1,0,1,0,0,1,,,,,,,,,,,,,,,,,,,,,,,,,,,,,,,,,,,,,,,,,,,,,,,,,,,,,,,,,,,,,,,,,27,7
2022-04-08 07:35:38,2022-04-08 07:42:56,0,136.243.104.89,100,437,1,2022-04-08 07:42:56,R_2fjKiJwCDBuhGZb,,,,,51.2993000000000023419488570652902126312255859375,9.4909999999999996589394868351519107818603515625,anonymous,FA,1,۳۷,1,5,تهران,فارسی، فرانسه,1,1,1,1,1,0,1,0,1,0,1,0,1,0,1,0,1,0,0,1,1,0,1,0,1,0,1,0,1,0,1,0,1,0,1,0,1,0,1,0,1,0,0,1,1,0,0,1,1,0,0,1,1,0,1,0,1,0,1,0,0,1,1,0,1,0,0,1,1,0,1,0,1,0,0,1,,,,,,,,,,,,,,,,,,,,,,,,,,,,,,,,,,,,,,,,,,,,,,,,,,,,,,,,,,,,,,,,,25,7
2022-04-08 07:40:25,2022-04-08 07:56:16,0,65.49.68.70,100,950,1,2022-04-08 07:56:17,R_3dQ9EtsBMupmtPE,,,,,64.0382000000000033423930290155112743377685546875,-145.750799999999998135535861365497112274169921875,anonymous,FA,1,48,2,5,بیرجند,فارسی,1,1,1,1,1,0,1,0,1,0,1,0,,,,,,,,,,,,,,,,,,,,,,,,,,,,,,,,,,,,,,,,,,,,,,,,,,,,,,,,,,,,,,,,,1,1,1,1,1,0,1,1,1,1,1,0,1,1,1,1,1,1,1,1,1,1,1,1,1,1,1,1,1,0,1,1,1,0,1,1,1,1,1,1,1,1,1,1,0,1,1,1,1,0,1,0,1,1,1,0,1,1,1,1,1,0,0,1,30,24
2022-04-08 09:49:44,2022-04-08 09:55:30,0,144.76.141.230,100,345,1,2022-04-08 09:55:31,R_1Q4mSP1De2WFjqN,,,,,51.2993000000000023419488570652902126312255859375,9.4909999999999996589394868351519107818603515625,anonymous,FA,1,31,1,4,تهران,فارسی انگلیسی,1,1,1,1,1,0,0,1,1,0,0,1,1,0,1,0,1,0,1,0,1,0,1,0,1,0,1,0,1,0,1,0,1,0,1,0,1,0,1,0,1,0,1,0,1,0,0,1,1,0,1,0,1,0,1,0,1,0,1,0,1,0,0,1,1,0,1,0,1,0,1,0,1,0,0,1,,,,,,,,,,,,,,,,,,,,,,,,,,,,,,,,,,,,,,,,,,,,,,,,,,,,,,,,,,,,,,,,,29,3
2022-04-08 07:03:24,2022-04-08 10:06:00,0,149.7.35.162,100,10955,1,2022-04-08 10:06:00,R_vjjhwtGzQQOlf3j,,,,,51.55910000000000081854523159563541412353515625,-0.228300000000000002930988785010413266718387603759765625,anonymous,FA,1,40,1,5,Mashhad,Farsi,1,1,1,1,1,0,1,0,1,1,1,1,,,,,,,,,,,,,,,,,,,,,,,,,,,,,,,,,,,,,,,,,,,,,,,,,,,,,,,,,,,,,,,,,0,1,1,1,1,1,1,1,1,0,1,0,1,1,1,0,1,0,1,1,1,1,1,1,1,0,1,0,1,1,1,1,1,0,1,1,1,1,1,0,1,1,1,0,0,1,1,1,1,0,1,0,1,1,1,1,1,1,1,1,1,1,0,1,29,21
2022-04-08 13:53:49,2022-04-08 13:57:45,0,136.243.104.89,100,235,1,2022-04-08 13:57:45,R_1EcWuaa4jCqUELw,,,,,51.2993000000000023419488570652902126312255859375,9.4909999999999996589394868351519107818603515625,anonymous,FA,1,31,1,4,تهران,فارسی,1,1,1,1,1,0,1,0,1,0,1,0,,,,,,,,,,,,,,,,,,,,,,,,,,,,,,,,,,,,,,,,,,,,,,,,,,,,,,,,,,,,,,,,,0,1,0,1,0,1,1,0,1,0,1,0,1,0,1,0,1,0,1,0,1,0,1,0,1,0,1,0,1,0,1,0,1,0,0,1,0,1,1,0,1,0,1,0,0,1,1,0,0,1,0,1,1,0,0,1,0,1,0,1,1,0,1,0,21,11
2022-04-07 22:17:49,2022-04-08 18:52:17,0,144.76.141.230,100,74067,1,2022-04-08 18:52:18,R_yL7QMudK8i20ZI5,,,,,51.2993011474609375,9.490997314453125,anonymous,FA,1,59,1,1,مشهد,فارسی و انگلیسی,1,1,1,1,1,0,0,1,1,0,1,0,1,0,1,0,1,0,1,0,1,0,1,0,0,1,1,0,1,0,1,0,1,0,1,0,1,0,1,0,1,0,1,0,1,0,0,1,1,0,1,0,0,1,1,0,1,0,1,0,1,0,1,0,1,0,1,0,1,0,1,0,1,0,0,1,,,,,,,,,,,,,,,,,,,,,,,,,,,,,,,,,,,,,,,,,,,,,,,,,,,,,,,,,,,,,,,,,28,4
2022-04-08 09:10:31,2022-04-08 20:19:55,0,144.76.141.230,100,40163,1,2022-04-08 20:19:55,R_2EEkbuemPxtxW7x,,,,,51.2993011474609375,9.490997314453125,anonymous,FA,1,33,1,3,مشهد,فارسی,1,1,1,1,1,0,1,0,0,1,1,0,,,,,,,,,,,,,,,,,,,,,,,,,,,,,,,,,,,,,,,,,,,,,,,,,,,,,,,,,,,,,,,,,0,1,1,0,1,0,1,0,1,0,1,0,1,0,1,0,1,0,1,0,0,1,1,0,1,0,1,0,1,0,1,0,1,0,0,1,1,0,1,0,1,0,1,0,0,1,1,0,1,0,1,0,1,0,1,0,0,1,1,0,1,0,0,1,26,6
2022-04-09 09:24:17,2022-04-09 09:38:12,0,78.129.253.9,100,834,1,2022-04-09 09:38:14,R_8xd85BUgujvAy8p,,,,,51.49639892578125,-0.122406005859375,anonymous,FA,1,41,2,4,مشهد,فارسی، انگلیسی,1,1,1,1,1,0,1,0,0,1,0,1,1,0,1,0,0,1,0,1,1,0,1,0,0,1,1,0,1,0,1,0,0,1,1,0,1,0,1,0,1,0,0,1,1,0,0,1,0,1,0,1,0,1,1,0,1,0,1,0,1,0,1,0,0,1,1,0,0,1,1,0,1,0,0,1,,,,,,,,,,,,,,,,,,,,,,,,,,,,,,,,,,,,,,,,,,,,,,,,,,,,,,,,,,,,,,,,,20,12
2022-04-09 11:32:49,2022-04-09 11:39:45,0,95.216.14.6,100,415,1,2022-04-09 11:39:47,R_bda1Il9MjnoqGWZ,,,,,60.171905517578125,24.9346923828125,anonymous,FA,1,27,1,4,مشهد,"فارسی ",1,1,1,1,1,0,0,1,0,1,1,0,1,0,1,0,1,0,1,0,1,0,1,0,1,0,1,0,1,0,1,0,0,1,1,0,1,0,1,0,1,0,1,0,1,0,0,1,1,0,1,0,1,0,1,0,1,0,1,0,1,0,1,0,1,0,1,0,1,0,1,0,1,1,0,1,,,,,,,,,,,,,,,,,,,,,,,,,,,,,,,,,,,,,,,,,,,,,,,,,,,,,,,,,,,,,,,,,29,4
2022-04-09 12:18:51,2022-04-09 12:29:57,0,170.187.153.216,100,666,1,2022-04-09 12:29:59,R_2Yf65WNlTZH04mR,,,,,33.843994140625,-84.47840118408203125,anonymous,FA,1,۴۴,1,3,مشهد,فارسی.انگلیسی,1,1,1,1,1,0,1,0,1,0,1,0,,,,,,,,,,,,,,,,,,,,,,,,,,,,,,,,,,,,,,,,,,,,,,,,,,,,,,,,,,,,,,,,,0,1,1,0,1,0,1,0,1,0,1,0,1,0,1,0,1,0,0,1,1,0,1,0,1,0,0,1,1,0,1,0,1,0,0,1,1,0,1,0,1,0,1,0,0,1,1,0,1,0,1,0,1,0,1,0,1,0,1,0,0,1,0,1,25,7
2022-04-09 12:43:28,2022-04-09 12:49:57,0,144.76.141.230,100,388,1,2022-04-09 12:49:59,R_2zAQ54wMowp9SaQ,,,,,51.2993011474609375,9.490997314453125,anonymous,FA,1,۲۸,1,3,مشهد,فارسی,1,1,1,1,1,0,1,1,1,1,1,1,1,0,1,0,1,0,1,1,1,0,1,0,1,0,1,0,1,0,1,0,1,0,1,1,1,0,1,0,1,1,0,1,1,0,0,1,1,0,1,0,1,0,1,0,1,0,1,0,1,0,1,0,1,0,1,0,1,0,1,0,1,0,0,1,,,,,,,,,,,,,,,,,,,,,,,,,,,,,,,,,,,,,,,,,,,,,,,,,,,,,,,,,,,,,,,,,29,6
2022-04-15 21:58:16,2022-04-15 22:13:54,0,148.251.160.248,100,938,1,2022-04-15 22:13:55,R_3L71b0XblwPZ8vK,,,,,51.2993,9.491,anonymous,FA,1,30,1,3,مشهد,"فارسی ",1,1,1,1,1,0,0,1,1,0,1,1,,,,,,,,,,,,,,,,,,,,,,,,,,,,,,,,,,,,,,,,,,,,,,,,,,,,,,,,,,,,,,,,,0,1,1,0,1,0,1,1,1,0,1,0,1,1,1,0,1,0,1,1,1,0,1,0,1,0,1,0,1,0,1,1,1,0,0,1,1,0,1,0,1,0,1,0,0,1,1,0,1,0,1,0,1,1,1,1,1,1,1,1,1,1,0,1,28,13
2022-04-16 15:52:49,2022-04-16 15:57:47,0,94.102.54.140,100,297,1,2022-04-16 15:57:47,R_21b1YvVetrVOTUg,,,,,51.4964,-0.1224,anonymous,FA,1,۳۴,1,4,تهران,فارسی آذری,1,1,1,1,1,0,1,0,0,1,1,0,1,0,1,0,1,0,1,0,1,0,1,0,1,0,1,0,1,0,1,0,1,0,0,1,1,0,1,0,1,0,1,0,1,0,0,1,1,0,1,0,1,0,1,0,1,0,1,0,1,0,1,0,1,0,1,0,1,0,1,0,1,0,0,1,,,,,,,,,,,,,,,,,,,,,,,,,,,,,,,,,,,,,,,,,,,,,,,,,,,,,,,,,,,,,,,,,29,3
2022-04-16 11:26:01,2022-04-16 21:33:35,0,51.158.183.135,100,36454,1,2022-04-16 21:33:35,R_ba8kqXGYXSQemKR,,,,,48.8323,2.4075,anonymous,FA,1,۴۱,1,4,"مشهد ",فارسی و انگلیسی,1,1,1,1,1,0,1,0,0,1,0,1,1,0,1,0,1,0,1,0,1,0,1,0,0,1,1,0,1,0,1,0,1,0,1,0,1,0,1,0,1,0,1,0,0,1,0,1,1,0,1,0,1,0,1,0,1,0,1,0,1,0,1,0,1,0,1,0,1,0,1,0,1,0,0,1,,,,,,,,,,,,,,,,,,,,,,,,,,,,,,,,,,,,,,,,,,,,,,,,,,,,,,,,,,,,,,,,,28,4
2022-04-18 04:58:10,2022-04-18 05:09:22,0,143.198.30.71,100,671,1,2022-04-18 05:09:24,R_20Z5lAHfUO6Ok70,,,,,40.8364,-74.1403,anonymous,FA,1,۴۴,1,4,تهران,"فارسی و ترکی ",1,1,1,1,1,0,0,1,1,1,1,1,,,,,,,,,,,,,,,,,,,,,,,,,,,,,,,,,,,,,,,,,,,,,,,,,,,,,,,,,,,,,,,,,0,1,1,1,1,1,1,0,1,0,1,0,1,0,1,0,1,1,1,1,1,1,1,1,1,1,1,1,1,0,1,1,1,0,1,1,1,1,1,0,1,0,1,1,1,1,1,1,1,0,1,0,1,1,1,1,1,1,1,1,1,1,0,1,30,21
2022-04-19 12:17:58,2022-04-19 12:29:21,0,185.202.220.135,100,682,1,2022-04-19 12:29:22,R_1rIHuIICOhaDeJA,,,,,40.7876,-74.06,anonymous,FA,1,28,2,3,ایران,فارسی,1,1,1,1,1,0,1,0,1,0,1,0,1,0,1,0,1,0,1,1,1,0,1,0,1,1,1,1,1,0,1,0,1,0,1,1,1,0,1,0,1,1,1,1,1,0,1,1,1,1,1,1,1,0,1,1,1,0,1,0,1,1,1,0,1,1,1,0,1,1,1,1,1,0,1,1,,,,,,,,,,,,,,,,,,,,,,,,,,,,,,,,,,,,,,,,,,,,,,,,,,,,,,,,,,,,,,,,,32,15
2022-04-19 14:24:17,2022-04-19 14:28:54,0,151.71.40.203,100,276,1,2022-04-19 14:28:56,R_2OUtQnigEqtW758,,,,,45.4366,12.333,anonymous,FA,1,36,1,4,ایتالیا,4,1,1,1,1,1,0,0,1,1,1,0,1,,,,,,,,,,,,,,,,,,,,,,,,,,,,,,,,,,,,,,,,,,,,,,,,,,,,,,,,,,,,,,,,,0,1,1,0,0,1,0,1,1,0,1,0,0,1,1,0,1,0,0,1,1,0,1,0,1,0,0,1,0,1,1,0,1,0,0,1,1,0,1,0,1,0,0,1,0,1,1,0,1,0,1,0,1,0,1,0,1,0,1,0,0,1,0,1,20,12
2022-04-19 19:39:02,2022-04-19 22:38:04,0,188.34.184.151,100,10741,1,2022-04-19 22:38:06,R_12tBaQinWqoDIyL,,,,,51.2993,9.491,anonymous,FA,1,۲۸,1,4,تهران,فارسی,1,1,1,1,1,0,1,0,1,0,1,0,,,,,,,,,,,,,,,,,,,,,,,,,,,,,,,,,,,,,,,,,,,,,,,,,,,,,,,,,,,,,,,,,0,1,1,0,0,1,1,0,1,0,1,0,1,0,1,0,1,0,0,1,1,0,1,0,1,0,1,0,1,0,1,0,1,0,0,1,0,1,1,0,1,0,1,0,0,1,1,0,1,0,1,0,1,0,1,0,1,0,1,0,1,0,1,0,26,6
2022-04-19 10:59:02,2022-04-19 23:39:55,0,82.113.121.218,100,45652,1,2022-04-19 23:39:55,R_54iziuXxtLSf3vH,,,,,48.0657,8.4534,anonymous,FA,1,34,2,4,آلمان,فارسی تهرانی,1,1,1,1,1,0,1,0,1,1,1,1,1,0,1,0,1,1,1,1,1,0,1,0,1,1,1,1,1,0,1,0,1,1,1,0,1,0,1,0,1,1,1,0,1,0,0,1,0,1,1,1,1,1,1,1,1,0,1,0,1,1,1,0,1,0,1,0,1,1,1,1,1,0,0,1,,,,,,,,,,,,,,,,,,,,,,,,,,,,,,,,,,,,,,,,,,,,,,,,,,,,,,,,,,,,,,,,,29,15
2022-04-20 08:47:38,2022-04-20 08:54:13,0,74.201.73.190,100,394,1,2022-04-20 08:54:14,R_1pG5nvcEHa39b4Y,,,,,37.751,-97.822,anonymous,FA,1,27,1,4,تهران,فارسی، انگلیسی، ترکی آذری، گیلکی,1,1,1,1,1,0,1,0,0,1,1,0,1,0,1,0,1,0,1,1,1,0,1,0,1,1,1,0,1,0,1,0,1,0,1,0,1,0,1,0,1,0,1,0,1,0,0,1,1,1,1,0,1,0,1,0,1,0,1,0,1,1,1,0,1,0,1,0,1,0,1,0,1,0,0,1,,,,,,,,,,,,,,,,,,,,,,,,,,,,,,,,,,,,,,,,,,,,,,,,,,,,,,,,,,,,,,,,,30,6
2022-04-22 01:24:51,2022-04-22 01:31:06,0,51.158.64.49,100,374,1,2022-04-22 01:31:06,R_25szQSPBgG4RlfQ,,,,,48.8323,2.4075,anonymous,FA,1,33,1,3,آستارا,آذری,1,1,1,1,1,0,0,1,0,1,1,0,,,,,,,,,,,,,,,,,,,,,,,,,,,,,,,,,,,,,,,,,,,,,,,,,,,,,,,,,,,,,,,,,0,1,1,0,0,1,1,0,1,0,1,0,1,0,1,0,1,0,1,0,1,0,1,0,1,0,1,0,1,0,1,0,1,0,0,1,0,1,1,0,1,0,1,0,0,1,1,0,1,0,1,0,1,0,1,0,0,1,1,0,0,1,0,1,24,8
2022-04-23 13:41:39,2022-04-23 14:36:09,0,49.12.189.53,100,3269,1,2022-04-23 14:36:10,R_2aVmiQPj9fzdnDo,,,,,51.2993,9.491,anonymous,FA,1,35,1,4,"تهران ",فارسی، انگلیسی,1,1,1,1,1,0,1,0,1,0,1,0,1,0,1,0,1,0,1,0,1,0,1,0,1,1,1,0,1,0,1,0,1,0,1,0,1,0,1,1,1,1,1,0,1,0,0,1,1,0,0,1,1,0,1,1,1,0,1,0,1,1,1,0,1,0,1,0,1,0,1,0,1,0,0,1,,,,,,,,,,,,,,,,,,,,,,,,,,,,,,,,,,,,,,,,,,,,,,,,,,,,,,,,,,,,,,,,,29,8
2022-04-23 18:44:51,2022-04-23 18:54:19,0,49.12.246.14,100,568,1,2022-04-23 18:54:19,R_1cVeJ5QJF1WDfrr,,,,,51.2993,9.491,anonymous,FA,1,28,1,4,تهران,فارسی. ترکی.انگلیسی,1,1,1,1,1,0,1,0,1,0,0,1,,,,,,,,,,,,,,,,,,,,,,,,,,,,,,,,,,,,,,,,,,,,,,,,,,,,,,,,,,,,,,,,,0,1,1,0,1,1,1,0,1,0,1,0,1,0,1,0,1,0,1,0,0,1,1,0,1,0,0,1,1,0,1,0,1,0,0,1,1,0,1,0,1,1,1,0,0,1,1,0,1,0,1,0,1,0,0,1,0,1,1,0,1,1,0,1,24,11
2022-04-23 22:55:56,2022-04-23 23:05:24,0,148.251.167.28,100,568,1,2022-04-23 23:05:26,R_27g11sLSiKOMIei,,,,,51.2993,9.491,anonymous,FA,1,36,2,3,تهران,فارسی,1,1,1,1,1,0,0,1,1,0,1,0,1,0,1,0,1,0,0,1,1,0,1,0,0,1,1,0,1,0,1,0,1,0,0,1,1,0,1,0,1,0,1,0,0,1,0,1,1,0,0,1,1,0,1,0,1,0,1,0,0,1,1,0,1,0,1,0,1,0,1,0,1,0,0,1,,,,,,,,,,,,,,,,,,,,,,,,,,,,,,,,,,,,,,,,,,,,,,,,,,,,,,,,,,,,,,,,,24,8
2022-04-25 16:42:48,2022-04-25 16:57:08,0,144.76.141.230,100,859,1,2022-04-25 16:57:08,R_22W7yKxp4ryxj0q,,,,,51.2993,9.491,anonymous,FA,1,25,1,3,مشهد,فارسی,1,1,1,1,1,0,1,0,1,0,1,0,,,,,,,,,,,,,,,,,,,,,,,,,,,,,,,,,,,,,,,,,,,,,,,,,,,,,,,,,,,,,,,,,0,1,1,0,0,1,0,1,1,0,1,0,1,0,1,0,1,0,1,0,0,1,1,0,1,0,1,0,1,0,1,0,1,0,0,1,1,0,0,1,1,0,1,0,0,1,1,0,1,0,1,0,1,0,1,0,1,0,1,0,1,0,0,1,24,8
2022-04-26 15:23:28,2022-04-26 15:29:19,0,151.82.246.105,100,351,1,2022-04-26 15:29:20,R_3p8R1dFuMTIOKUf,,,,,45.4722,9.1922,anonymous,FA,1,24,1,3,تهران,فارسی,1,1,1,1,1,1,1,0,1,1,1,1,1,0,1,0,1,0,1,1,1,0,1,0,1,0,1,0,1,0,1,0,1,0,0,1,1,0,1,0,0,1,1,0,0,1,0,1,1,0,0,1,1,0,1,0,1,0,1,0,1,0,1,0,1,0,1,0,0,1,1,0,1,0,0,1,,,,,,,,,,,,,,,,,,,,,,,,,,,,,,,,,,,,,,,,,,,,,,,,,,,,,,,,,,,,,,,,,25,8
2022-04-29 10:10:16,2022-04-29 10:15:19,0,157.138.177.220,100,303,1,2022-04-29 10:15:21,R_1DpzYUOpW0w9fEZ,,,,,45.4366,12.333,anonymous,FA,1,28,2,3,ایتالیا,فارسی - انگلیسی,1,1,1,1,1,0,1,0,1,1,1,0,,,,,,,,,,,,,,,,,,,,,,,,,,,,,,,,,,,,,,,,,,,,,,,,,,,,,,,,,,,,,,,,,0,1,1,0,1,1,1,1,1,0,1,0,0,1,1,1,1,0,1,0,1,0,1,1,1,0,1,0,1,0,1,0,1,0,1,1,1,1,1,0,1,0,1,0,0,1,1,0,1,0,1,0,1,0,1,1,1,0,1,0,1,0,0,1,28,11
